order_id,order_date,customer_id,product_id,quantity,unit_price,discount,channel,payment_method
O00001,2024-11-07T22:03,C0001,P017,1,115.52,0.0,Web,Credit Card
O00002,2024-12-11T06:08,C0081,P009,1,129.2,0.05,Mobile,PayPal
O00003,2025-10-06T05:08,C0314,P010,2,55.11,0.0,Web,PayPal
O00004,2025-04-11T14:22,C0100,P011,2,181.14,0.0,Web,Credit Card
O00005,2024-11-01T14:23,C0049,P013,1,202.97,0.0,Mobile,Apple Pay
O00006,2025-03-09T02:56,C0299,P004,3,72.61,0.0,Web,PayPal
O00007,2025-05-04T22:34,C0375,P014,1,217.53,0.0,Mobile,Apple Pay
O00008,2024-12-29T01:59,C0290,P006,3,100.38,0.0,Web,PayPal
O00009,2024-12-29T20:01,C0131,P001,2,47.4,0.0,Web,Google Pay
O00010,2024-10-22T04:11,C0444,P031,1,509.56,0.0,Web,Credit Card
O00011,2025-04-01T01:05,C0475,P020,3,81.04,0.0,Mobile,Credit Card
O00012,2025-04-20T21:03,C0314,P033,1,497.53,0.0,Mobile,Apple Pay
O00013,2025-04-03T13:45,C0182,P005,1,392.16,0.0,Web,Credit Card
O00014,2025-04-02T22:06,C0446,P024,2,242.75,0.0,Web,Credit Card
O00015,2024-11-15T19:25,C0215,P027,1,92.9,0.0,Mobile,Google Pay
O00016,2025-01-05T00:00,C0393,P001,2,47.54,0.0,Web,Credit Card
O00017,2025-09-22T19:53,C0100,P020,1,81.46,0.0,Mobile,Apple Pay
O00018,2024-12-05T04:11,C0109,P012,3,76.43,0.0,Mobile,Credit Card
O00019,2024-11-29T02:49,C0040,P009,1,132.25,0.05,Web,Credit Card
O00020,2024-11-25T20:13,C0303,P001,2,46.03,0.05,Web,Credit Card
O00021,2025-09-07T05:40,C0001,P001,2,48.02,0.0,Web,Apple Pay
O00022,2025-07-15T14:25,C0404,P035,2,287.79,0.15,Web,PayPal
O00023,2025-09-21T12:43,C0132,P001,1,49.1,0.0,Mobile,Credit Card
O00024,2024-12-09T17:24,C0322,P005,1,386.18,0.0,Mobile,Credit Card
O00025,2024-12-06T01:01,C0349,P019,1,471.19,0.0,Web,Apple Pay
O00026,2025-03-03T23:02,C0151,P008,1,133.74,0.0,Web,Google Pay
O00027,2025-08-28T16:47,C0279,P044,1,277.6,0.0,Mobile,Credit Card
O00028,2024-12-02T01:19,C0389,P001,4,44.99,0.05,Web,PayPal
O00029,2024-11-07T07:21,C0389,P050,1,110.45,0.0,Web,Apple Pay
O00030,2025-07-26T20:37,C0075,P001,1,47.97,0.0,Web,Credit Card
O00031,2025-04-22T04:50,C0404,P023,1,492.23,0.0,Mobile,Google Pay
O00032,2025-02-17T20:49,C0224,P002,1,109.82,0.0,Web,PayPal
O00033,2025-04-27T19:39,C0466,P024,1,223.1,0.05,Mobile,Google Pay
O00034,2025-05-06T21:34,C0248,P013,1,191.07,0.05,Mobile,Google Pay
O00035,2025-03-12T06:42,C0450,P001,2,48.56,0.0,Mobile,Credit Card
O00036,2024-11-16T01:34,C0075,P035,1,336.97,0.0,Web,Credit Card
O00037,2024-12-08T19:20,C0100,P001,1,47.56,0.0,Mobile,Credit Card
O00038,2025-04-23T02:27,C0067,P043,1,145.56,0.15,Web,Credit Card
O00039,2025-01-15T01:36,C0038,P002,2,110.4,0.0,Mobile,PayPal
O00040,2025-07-25T18:39,C0441,P020,2,80.49,0.0,Mobile,Credit Card
O00041,2025-03-12T14:00,C0352,P031,1,512.3,0.0,Web,Credit Card
O00042,2025-04-19T00:02,C0029,P013,1,201.37,0.0,Web,Credit Card
O00043,2025-04-13T00:46,C0188,P003,1,601.93,0.0,Mobile,Credit Card
O00044,2025-03-07T18:37,C0013,P013,1,197.85,0.0,Mobile,Google Pay
O00045,2024-11-08T22:21,C0258,P005,2,387.89,0.0,Web,PayPal
O00046,2025-05-07T12:59,C0038,P046,5,26.96,0.1,Web,Credit Card
O00047,2025-05-18T19:35,C0341,P004,1,72.23,0.0,Mobile,Credit Card
O00048,2025-07-03T08:22,C0435,P016,2,20.29,0.0,Web,Apple Pay
O00049,2025-03-11T16:52,C0258,P006,3,101.52,0.0,Mobile,Credit Card
O00050,2025-09-05T14:05,C0182,P003,1,596.88,0.05,Web,PayPal
O00051,2024-12-30T22:34,C0459,P012,2,69.63,0.05,Mobile,Credit Card
O00052,2025-09-25T18:26,C0279,P025,2,301.95,0.0,Web,Credit Card
O00053,2025-04-16T22:19,C0075,P005,1,377.74,0.0,Web,Credit Card
O00054,2024-11-30T22:45,C0258,P002,1,112.89,0.0,Web,Credit Card
O00055,2025-10-14T18:28,C0115,P003,1,612.0,0.0,Web,PayPal
O00056,2024-11-30T11:58,C0014,P045,5,26.35,0.0,Web,Google Pay
O00057,2025-10-04T20:36,C0326,P036,2,74.49,0.0,Mobile,Credit Card
O00058,2024-10-27T18:14,C0208,P001,2,47.75,0.0,Web,PayPal
O00059,2025-03-01T19:05,C0484,P010,2,54.09,0.0,Mobile,Credit Card
O00060,2025-06-19T13:24,C0166,P007,1,204.37,0.0,Web,Apple Pay
O00061,2025-10-04T13:57,C0188,P038,2,50.37,0.0,Web,Credit Card
O00062,2025-09-20T18:24,C0045,P010,4,55.89,0.0,Mobile,Credit Card
O00063,2024-12-05T13:35,C0236,P037,1,37.6,0.0,Web,Apple Pay
O00064,2024-11-28T11:40,C0395,P012,5,74.89,0.0,Mobile,Credit Card
O00065,2024-11-20T10:04,C0292,P008,1,133.95,0.0,Mobile,Apple Pay
O00066,2025-01-31T20:01,C0404,P002,1,109.25,0.0,Web,Credit Card
O00067,2025-02-19T22:22,C0034,P006,2,100.62,0.0,Mobile,PayPal
O00068,2024-12-01T11:20,C0391,P027,1,90.95,0.0,Web,Apple Pay
O00069,2024-10-22T16:23,C0375,P010,1,56.13,0.0,Web,PayPal
O00070,2025-09-27T21:45,C0266,P033,1,487.43,0.05,Web,Credit Card
O00071,2025-01-26T21:56,C0489,P016,1,19.67,0.05,Web,Credit Card
O00072,2024-11-21T04:05,C0195,P034,1,129.64,0.0,Mobile,PayPal
O00073,2025-03-10T22:02,C0042,P026,3,143.95,0.0,Mobile,Credit Card
O00074,2025-01-21T03:54,C0363,P006,2,101.38,0.0,Mobile,PayPal
O00075,2024-11-08T21:48,C0008,P003,1,617.93,0.0,Mobile,Credit Card
O00076,2024-12-12T15:45,C0224,P028,1,80.08,0.1,Web,PayPal
O00077,2025-02-14T20:20,C0055,P002,1,100.11,0.1,Web,Credit Card
O00078,2025-06-28T19:53,C0206,P019,1,465.55,0.0,Mobile,Credit Card
O00079,2025-05-31T06:43,C0237,P002,1,105.15,0.05,Mobile,Google Pay
O00080,2025-07-01T22:10,C0041,P049,1,73.85,0.0,Mobile,Apple Pay
O00081,2024-12-26T19:37,C0289,P033,1,514.69,0.0,Web,Credit Card
O00082,2025-03-05T04:31,C0243,P024,1,239.94,0.0,Web,Credit Card
O00083,2025-07-06T20:50,C0219,P007,1,204.43,0.0,Web,Credit Card
O00084,2025-07-12T23:56,C0445,P010,2,54.03,0.0,Web,Google Pay
O00085,2025-01-01T19:31,C0199,P007,1,201.24,0.0,Web,PayPal
O00086,2025-03-11T17:10,C0246,P010,2,54.91,0.0,Mobile,Credit Card
O00087,2024-10-28T01:53,C0160,P036,3,75.79,0.0,Web,Google Pay
O00088,2025-02-15T02:15,C0105,P024,2,210.53,0.1,Web,PayPal
O00089,2024-11-01T19:27,C0275,P043,1,178.1,0.0,Web,Credit Card
O00090,2025-04-18T20:06,C0337,P003,1,606.56,0.0,Web,Google Pay
O00091,2024-12-08T18:50,C0045,P038,1,49.35,0.0,Mobile,PayPal
O00092,2025-09-29T19:37,C0045,P008,1,133.72,0.0,Web,Apple Pay
O00093,2025-02-24T16:12,C0188,P005,1,393.77,0.0,Mobile,PayPal
O00094,2024-12-05T15:42,C0470,P032,1,1212.87,0.0,Mobile,Credit Card
O00095,2025-04-16T18:33,C0092,P013,1,201.6,0.0,Web,Google Pay
O00096,2025-09-12T18:54,C0188,P037,2,36.98,0.0,Web,Credit Card
O00097,2024-12-19T21:29,C0229,P050,1,108.79,0.0,Web,Apple Pay
O00098,2024-12-26T17:41,C0405,P049,2,73.71,0.0,Mobile,Google Pay
O00099,2025-09-08T13:23,C0328,P041,1,24.52,0.0,Web,PayPal
O00100,2024-11-20T19:37,C0466,P045,2,25.94,0.0,Web,Credit Card
O00101,2025-07-04T08:27,C0100,P002,1,113.27,0.0,Web,PayPal
O00102,2025-06-10T04:34,C0195,P027,4,94.3,0.0,Web,Google Pay
O00103,2025-05-01T21:42,C0384,P001,1,48.76,0.0,Mobile,PayPal
O00104,2025-04-04T08:28,C0181,P043,1,171.61,0.0,Web,Google Pay
O00105,2025-09-14T18:56,C0389,P024,1,214.34,0.1,Web,Apple Pay
O00106,2025-06-19T21:52,C0045,P003,1,623.82,0.0,Web,Credit Card
O00107,2025-06-08T20:41,C0314,P024,1,240.02,0.0,Web,Credit Card
O00108,2024-11-29T16:49,C0392,P034,3,131.53,0.0,Web,Apple Pay
O00109,2024-12-22T19:52,C0146,P004,1,71.51,0.0,Mobile,PayPal
O00110,2024-10-25T00:35,C0316,P023,1,500.03,0.0,Web,Credit Card
O00111,2024-11-13T12:36,C0051,P029,1,98.16,0.0,Web,Apple Pay
O00112,2024-12-06T21:50,C0122,P032,1,1188.93,0.0,Mobile,Apple Pay
O00113,2024-12-06T06:50,C0067,P005,1,383.94,0.0,Mobile,Credit Card
O00114,2024-10-21T04:20,C0482,P010,1,55.58,0.0,Web,PayPal
O00115,2024-11-04T22:30,C0443,P050,1,99.06,0.1,Web,Google Pay
O00116,2025-05-28T04:57,C0273,P020,1,81.91,0.0,Web,Credit Card
O00117,2025-04-03T05:07,C0134,P049,2,74.74,0.0,Web,Google Pay
O00118,2024-12-23T21:59,C0119,P006,3,101.3,0.0,Web,Google Pay
O00119,2025-05-23T20:03,C0081,P001,1,48.2,0.0,Web,Google Pay
O00120,2025-03-20T14:45,C0273,P013,1,196.08,0.0,Mobile,Apple Pay
O00121,2025-08-08T17:42,C0280,P020,5,80.07,0.0,Web,Apple Pay
O00122,2025-05-31T21:01,C0131,P049,1,73.79,0.0,Web,Credit Card
O00123,2025-03-07T19:30,C0211,P046,4,30.36,0.0,Mobile,PayPal
O00124,2024-12-11T01:41,C0131,P036,3,74.69,0.0,Web,Credit Card
O00125,2025-07-15T13:01,C0405,P003,1,621.52,0.0,Web,Credit Card
O00126,2025-02-24T20:19,C0439,P021,1,193.75,0.0,Web,Credit Card
O00127,2024-12-24T18:05,C0365,P036,2,74.5,0.0,Web,Credit Card
O00128,2024-12-14T19:09,C0458,P015,2,95.63,0.0,Mobile,Credit Card
O00129,2025-10-10T19:19,C0401,P015,2,92.85,0.05,Web,Credit Card
O00130,2025-03-09T19:52,C0109,P005,1,327.87,0.15,Mobile,Apple Pay
O00131,2024-11-02T13:45,C0131,P019,1,470.18,0.0,Mobile,Google Pay
O00132,2024-12-05T06:47,C0486,P003,1,544.52,0.1,Web,Credit Card
O00133,2025-06-07T21:47,C0294,P015,1,97.17,0.0,Web,Credit Card
O00134,2024-10-22T04:01,C0337,P003,1,584.08,0.05,Mobile,Apple Pay
O00135,2024-12-06T11:29,C0068,P010,3,53.99,0.0,Web,Credit Card
O00136,2024-12-30T21:25,C0035,P001,3,49.12,0.0,Mobile,PayPal
O00137,2025-04-12T10:31,C0188,P015,2,82.26,0.15,Web,Google Pay
O00138,2025-02-18T14:31,C0309,P024,1,241.18,0.0,Web,Credit Card
O00139,2025-03-25T18:43,C0151,P020,5,73.16,0.1,Web,Credit Card
O00140,2025-09-23T19:23,C0382,P036,4,77.18,0.0,Mobile,Credit Card
O00141,2024-12-08T18:06,C0381,P046,2,30.75,0.0,Web,Credit Card
O00142,2025-05-31T06:55,C0432,P001,1,47.37,0.0,Web,Credit Card
O00143,2025-01-17T12:02,C0371,P018,2,392.13,0.05,Web,Credit Card
O00144,2025-08-16T04:06,C0378,P023,1,492.95,0.0,Web,Credit Card
O00145,2025-06-24T19:48,C0246,P031,1,493.44,0.0,Mobile,Credit Card
O00146,2025-02-17T20:15,C0396,P013,1,200.33,0.0,Web,PayPal
O00147,2024-12-19T20:33,C0195,P003,2,615.52,0.0,Mobile,Apple Pay
O00148,2025-01-26T01:09,C0371,P029,2,96.85,0.0,Mobile,Credit Card
O00149,2025-02-08T01:59,C0314,P042,3,28.96,0.0,Web,PayPal
O00150,2025-04-11T11:47,C0134,P008,1,133.67,0.0,Mobile,PayPal
O00151,2025-05-06T14:22,C0424,P034,1,129.66,0.0,Web,Apple Pay
O00152,2025-06-30T04:34,C0131,P002,1,109.38,0.0,Web,Apple Pay
O00153,2025-04-26T08:49,C0133,P011,1,175.25,0.0,Web,Credit Card
O00154,2025-07-08T22:28,C0131,P032,2,1208.0,0.0,Web,Credit Card
O00155,2024-12-28T20:45,C0275,P001,1,41.21,0.15,Mobile,Credit Card
O00156,2024-11-15T19:53,C0188,P001,2,47.27,0.0,Mobile,Credit Card
O00157,2025-04-13T20:55,C0119,P014,1,218.27,0.0,Mobile,Apple Pay
O00158,2024-11-25T04:45,C0212,P049,2,75.1,0.0,Web,Credit Card
O00159,2025-04-13T22:07,C0294,P010,1,51.55,0.05,Web,Credit Card
O00160,2024-12-30T01:09,C0065,P019,2,475.47,0.0,Web,Credit Card
O00161,2025-08-28T13:36,C0133,P013,1,201.5,0.0,Web,Credit Card
O00162,2025-05-14T20:42,C0210,P040,1,29.5,0.0,Web,Credit Card
O00163,2025-04-06T22:56,C0206,P006,1,86.24,0.15,Mobile,PayPal
O00164,2024-11-21T17:12,C0469,P016,2,19.85,0.0,Mobile,PayPal
O00165,2025-10-01T10:13,C0104,P028,4,87.36,0.0,Web,Credit Card
O00166,2025-08-24T00:27,C0075,P001,2,45.96,0.05,Web,Credit Card
O00167,2025-07-14T05:26,C0332,P001,3,45.67,0.05,Web,Credit Card
O00168,2025-08-10T04:12,C0100,P021,1,201.09,0.0,Web,Credit Card
O00169,2025-04-11T02:01,C0188,P004,3,72.57,0.0,Web,PayPal
O00170,2025-07-22T11:26,C0208,P038,2,42.81,0.15,Mobile,PayPal
O00171,2025-02-21T22:28,C0030,P036,2,67.84,0.1,Web,PayPal
O00172,2025-10-16T21:13,C0279,P015,2,95.84,0.0,Web,PayPal
O00173,2024-12-27T13:39,C0246,P036,3,75.56,0.0,Web,Google Pay
O00174,2025-01-12T22:08,C0316,P001,2,48.07,0.0,Mobile,Apple Pay
O00175,2025-07-11T16:50,C0417,P025,1,300.68,0.0,Web,Google Pay
O00176,2025-02-01T18:24,C0075,P034,1,130.88,0.0,Web,Credit Card
O00177,2025-09-16T12:05,C0389,P023,1,514.18,0.0,Web,Credit Card
O00178,2025-06-13T18:00,C0090,P037,1,37.14,0.0,Web,PayPal
O00179,2025-04-16T19:36,C0075,P020,3,81.82,0.0,Mobile,Apple Pay
O00180,2024-12-25T21:01,C0491,P028,2,86.7,0.0,Mobile,PayPal
O00181,2025-09-24T01:20,C0201,P050,1,109.28,0.0,Mobile,Google Pay
O00182,2024-12-14T10:26,C0258,P006,2,101.52,0.0,Mobile,Credit Card
O00183,2025-06-06T22:58,C0107,P003,1,553.23,0.1,Web,Apple Pay
O00184,2025-09-21T21:15,C0048,P004,2,73.0,0.0,Mobile,Apple Pay
O00185,2025-05-07T20:40,C0208,P002,1,112.83,0.0,Web,Apple Pay
O00186,2024-11-05T18:27,C0042,P027,2,90.95,0.0,Mobile,Credit Card
O00187,2025-04-29T19:00,C0211,P013,1,172.14,0.15,Mobile,Credit Card
O00188,2025-01-12T07:06,C0008,P029,3,95.51,0.0,Web,Credit Card
O00189,2025-03-15T18:11,C0103,P035,1,340.92,0.0,Mobile,Credit Card
O00190,2025-09-03T20:09,C0223,P020,2,76.41,0.05,Mobile,Google Pay
O00191,2025-02-20T07:12,C0313,P003,1,622.68,0.0,Web,PayPal
O00192,2025-08-20T17:21,C0306,P012,1,73.22,0.0,Web,Credit Card
O00193,2024-12-14T08:39,C0100,P013,3,196.98,0.0,Web,Apple Pay
O00194,2024-10-19T00:22,C0021,P002,1,112.73,0.0,Web,Credit Card
O00195,2024-12-08T06:56,C0119,P002,1,109.47,0.0,Web,Credit Card
O00196,2025-08-12T05:41,C0380,P002,2,112.98,0.0,Mobile,Google Pay
O00197,2025-10-07T23:56,C0202,P029,1,98.27,0.0,Web,Credit Card
O00198,2025-05-14T22:48,C0306,P003,1,603.08,0.0,Mobile,Google Pay
O00199,2025-08-20T22:56,C0231,P031,3,494.19,0.0,Web,Google Pay
O00200,2025-07-06T12:33,C0217,P007,1,201.28,0.0,Web,Credit Card
O00201,2025-09-16T18:02,C0097,P042,2,29.15,0.0,Web,Credit Card
O00202,2025-08-16T09:05,C0061,P001,2,48.2,0.0,Mobile,Credit Card
O00203,2025-03-10T13:51,C0243,P006,1,97.88,0.0,Mobile,Credit Card
O00204,2025-03-23T17:05,C0379,P043,1,176.63,0.0,Mobile,Credit Card
O00205,2025-06-13T23:54,C0364,P032,1,1200.23,0.0,Web,PayPal
O00206,2025-05-22T14:32,C0490,P047,2,132.03,0.0,Web,PayPal
O00207,2025-04-11T14:52,C0216,P035,1,336.58,0.0,Web,Credit Card
O00208,2025-04-13T12:36,C0416,P007,2,199.88,0.0,Web,Credit Card
O00209,2025-07-06T20:44,C0259,P008,2,133.4,0.0,Mobile,Google Pay
O00210,2025-10-08T07:25,C0041,P009,1,139.41,0.0,Web,Credit Card
O00211,2025-05-30T06:52,C0337,P015,3,98.45,0.0,Web,Credit Card
O00212,2025-03-29T06:55,C0444,P010,2,56.43,0.0,Web,Google Pay
O00213,2025-01-04T21:42,C0224,P021,2,198.5,0.0,Web,Credit Card
O00214,2024-11-25T02:25,C0294,P003,1,615.64,0.0,Web,Credit Card
O00215,2025-05-18T22:22,C0337,P029,1,95.75,0.0,Web,Google Pay
O00216,2025-06-27T14:58,C0320,P028,2,74.68,0.15,Web,Credit Card
O00217,2025-10-13T17:23,C0045,P002,1,109.89,0.0,Web,Credit Card
O00218,2024-11-09T19:47,C0216,P007,1,177.72,0.1,Mobile,Credit Card
O00219,2025-07-04T14:04,C0045,P026,1,144.48,0.0,Web,Apple Pay
O00220,2025-05-02T06:07,C0258,P010,2,54.54,0.0,Web,PayPal
O00221,2024-12-12T19:53,C0313,P015,3,82.23,0.15,Web,Credit Card
O00222,2025-07-16T20:59,C0107,P043,2,167.64,0.05,Mobile,Credit Card
O00223,2024-12-01T13:06,C0389,P006,3,99.47,0.0,Web,Credit Card
O00224,2024-11-16T11:00,C0188,P006,2,90.66,0.1,Web,Credit Card
O00225,2024-12-13T11:38,C0243,P050,2,110.42,0.0,Web,Credit Card
O00226,2025-01-10T18:24,C0332,P049,3,76.7,0.0,Web,Google Pay
O00227,2025-03-15T12:38,C0445,P012,2,75.69,0.0,Web,Credit Card
O00228,2025-07-09T04:15,C0355,P033,1,497.42,0.0,Web,Credit Card
O00229,2024-11-01T22:38,C0489,P012,3,75.99,0.0,Web,Apple Pay
O00230,2025-02-17T21:48,C0011,P038,2,50.17,0.0,Mobile,Credit Card
O00231,2025-06-05T19:38,C0415,P017,1,100.69,0.1,Web,PayPal
O00232,2024-11-25T07:05,C0075,P017,1,113.9,0.0,Web,Credit Card
O00233,2024-12-08T13:38,C0106,P005,1,391.85,0.0,Web,Google Pay
O00234,2025-02-10T06:28,C0195,P022,1,349.17,0.0,Mobile,Credit Card
O00235,2024-11-11T22:19,C0290,P002,1,111.01,0.0,Web,PayPal
O00236,2024-11-09T05:30,C0090,P043,1,173.17,0.0,Web,Apple Pay
O00237,2025-02-04T11:37,C0043,P041,5,25.1,0.0,Mobile,Credit Card
O00238,2024-11-05T13:27,C0354,P003,1,621.25,0.0,Web,Credit Card
O00239,2025-06-01T09:38,C0279,P026,1,126.75,0.15,Web,PayPal
O00240,2025-09-08T16:12,C0417,P002,1,111.45,0.0,Mobile,PayPal
O00241,2025-06-27T20:59,C0352,P001,3,47.42,0.0,Mobile,Google Pay
O00242,2025-02-10T11:10,C0389,P001,2,47.49,0.0,Web,Apple Pay
O00243,2024-12-08T06:07,C0210,P036,1,77.77,0.0,Web,PayPal
O00244,2025-05-09T21:10,C0045,P001,2,44.0,0.1,Web,PayPal
O00245,2025-10-11T03:33,C0380,P009,2,138.35,0.0,Mobile,PayPal
O00246,2025-01-15T19:21,C0499,P037,2,36.84,0.0,Web,Credit Card
O00247,2025-06-10T19:56,C0452,P001,1,48.88,0.0,Web,Credit Card
O00248,2025-06-04T21:32,C0188,P003,1,611.43,0.0,Web,PayPal
O00249,2025-02-11T18:05,C0155,P046,4,30.31,0.0,Web,Credit Card
O00250,2025-05-02T19:55,C0255,P019,2,447.48,0.05,Mobile,PayPal
O00251,2025-08-30T06:28,C0469,P015,2,99.83,0.0,Mobile,Credit Card
O00252,2025-10-14T01:59,C0456,P042,3,29.22,0.0,Mobile,Credit Card
O00253,2024-11-23T16:46,C0237,P036,2,77.85,0.0,Web,Credit Card
O00254,2025-09-12T20:46,C0176,P024,1,235.22,0.0,Web,Credit Card
O00255,2024-11-13T20:59,C0081,P046,2,29.83,0.0,Mobile,Credit Card
O00256,2025-04-25T07:24,C0484,P007,1,201.53,0.0,Mobile,Credit Card
O00257,2025-02-09T16:29,C0135,P037,2,36.5,0.0,Web,Apple Pay
O00258,2025-08-19T21:02,C0292,P007,1,203.38,0.0,Web,Google Pay
O00259,2025-01-14T21:13,C0404,P045,1,26.52,0.0,Mobile,Apple Pay
O00260,2024-12-31T21:58,C0404,P050,1,112.72,0.0,Mobile,Credit Card
O00261,2025-04-02T10:44,C0450,P028,2,88.16,0.0,Mobile,Credit Card
O00262,2025-09-21T11:41,C0075,P002,1,107.3,0.05,Web,PayPal
O00263,2025-01-26T21:06,C0332,P050,1,107.83,0.0,Mobile,Credit Card
O00264,2024-11-04T23:41,C0151,P011,1,174.01,0.0,Web,Credit Card
O00265,2025-04-27T06:47,C0168,P027,4,94.5,0.0,Mobile,Credit Card
O00266,2025-05-21T12:07,C0051,P002,4,111.74,0.0,Mobile,Credit Card
O00267,2025-06-07T03:37,C0075,P015,2,95.73,0.0,Web,Google Pay
O00268,2025-07-27T06:52,C0337,P010,2,55.42,0.0,Mobile,PayPal
O00269,2025-07-07T07:42,C0435,P003,1,626.01,0.0,Web,Credit Card
O00270,2024-12-10T05:35,C0114,P032,1,1045.74,0.15,Web,PayPal
O00271,2024-11-24T15:20,C0257,P050,1,107.84,0.0,Mobile,Credit Card
O00272,2024-12-06T11:53,C0100,P001,2,48.83,0.0,Web,PayPal
O00273,2024-12-22T19:10,C0188,P001,1,48.37,0.0,Web,Apple Pay
O00274,2025-10-14T19:12,C0347,P019,1,483.35,0.0,Web,Apple Pay
O00275,2025-02-02T22:15,C0045,P002,1,92.64,0.15,Mobile,Apple Pay
O00276,2024-11-26T20:17,C0006,P008,2,124.05,0.05,Mobile,Credit Card
O00277,2025-08-08T15:33,C0156,P019,1,444.55,0.05,Mobile,Credit Card
O00278,2025-01-19T20:50,C0258,P020,4,77.09,0.05,Mobile,PayPal
O00279,2024-11-25T17:17,C0038,P030,1,100.72,0.0,Mobile,Apple Pay
O00280,2025-03-23T10:27,C0255,P029,3,95.32,0.0,Web,Apple Pay
O00281,2025-08-17T18:04,C0352,P046,3,30.57,0.0,Mobile,Credit Card
O00282,2025-03-25T20:30,C0243,P027,3,88.68,0.05,Mobile,Apple Pay
O00283,2025-06-18T19:47,C0154,P050,1,108.22,0.0,Mobile,Apple Pay
O00284,2025-09-10T06:23,C0399,P015,4,97.06,0.0,Web,Google Pay
O00285,2024-12-20T16:49,C0407,P005,1,329.6,0.15,Web,Credit Card
O00286,2025-09-20T18:52,C0431,P045,2,24.0,0.1,Web,Credit Card
O00287,2024-11-15T15:05,C0258,P042,1,24.56,0.15,Web,Credit Card
O00288,2025-01-27T22:34,C0389,P002,1,110.45,0.0,Web,Credit Card
O00289,2025-08-28T07:12,C0131,P002,1,93.16,0.15,Web,PayPal
O00290,2024-12-23T13:35,C0240,P027,3,93.93,0.0,Mobile,Credit Card
O00291,2025-09-29T20:08,C0073,P014,1,216.67,0.0,Mobile,Apple Pay
O00292,2025-02-25T10:31,C0045,P012,3,74.11,0.0,Web,Credit Card
O00293,2025-06-11T19:27,C0090,P029,5,95.78,0.0,Mobile,PayPal
O00294,2025-05-13T08:08,C0188,P006,1,93.05,0.05,Web,Credit Card
O00295,2025-01-03T18:14,C0100,P012,1,70.36,0.05,Web,Credit Card
O00296,2025-02-18T11:03,C0075,P001,2,47.75,0.0,Mobile,Credit Card
O00297,2024-12-20T15:21,C0133,P001,3,47.95,0.0,Mobile,PayPal
O00298,2025-01-30T19:13,C0279,P001,1,47.18,0.0,Mobile,Google Pay
O00299,2025-08-06T07:28,C0452,P001,2,49.46,0.0,Web,Apple Pay
O00300,2024-11-02T07:35,C0344,P042,2,29.44,0.0,Web,Credit Card
O00301,2025-03-15T16:32,C0380,P002,1,108.91,0.0,Web,PayPal
O00302,2025-04-15T13:38,C0125,P003,1,628.42,0.0,Mobile,Credit Card
O00303,2025-06-14T16:19,C0405,P007,1,201.67,0.0,Web,PayPal
O00304,2025-09-23T10:08,C0125,P035,1,333.87,0.0,Web,Credit Card
O00305,2025-05-01T12:05,C0465,P041,2,24.59,0.0,Mobile,PayPal
O00306,2024-10-21T12:46,C0471,P003,2,625.33,0.0,Mobile,Credit Card
O00307,2025-07-03T13:41,C0114,P023,1,498.11,0.0,Web,PayPal
O00308,2025-08-23T13:28,C0100,P030,1,97.02,0.05,Mobile,Credit Card
O00309,2025-04-17T22:11,C0316,P001,1,48.54,0.0,Web,Credit Card
O00310,2024-12-19T22:25,C0045,P015,5,97.08,0.0,Web,Apple Pay
O00311,2025-07-12T18:02,C0061,P034,2,126.35,0.05,Mobile,Google Pay
O00312,2024-11-12T05:48,C0273,P012,1,73.27,0.0,Mobile,PayPal
O00313,2024-11-21T21:06,C0263,P001,4,44.78,0.05,Web,Credit Card
O00314,2025-05-22T08:56,C0335,P027,1,94.92,0.0,Web,Credit Card
O00315,2025-01-14T12:59,C0447,P042,2,29.4,0.0,Mobile,Credit Card
O00316,2025-05-26T11:52,C0131,P040,1,29.29,0.0,Mobile,Apple Pay
O00317,2025-07-24T21:09,C0375,P002,1,113.9,0.0,Mobile,Credit Card
O00318,2025-02-22T19:09,C0045,P050,1,109.62,0.0,Mobile,Credit Card
O00319,2025-07-26T12:51,C0464,P043,1,173.83,0.0,Web,Credit Card
O00320,2024-11-11T19:33,C0277,P028,4,84.75,0.0,Mobile,Credit Card
O00321,2025-04-13T22:58,C0049,P043,1,170.77,0.0,Web,Apple Pay
O00322,2025-04-11T22:26,C0103,P037,2,36.92,0.0,Mobile,PayPal
O00323,2024-11-09T21:55,C0075,P001,1,42.69,0.1,Web,Apple Pay
O00324,2025-07-04T19:19,C0223,P030,1,95.55,0.05,Mobile,Credit Card
O00325,2025-07-06T15:00,C0184,P012,4,74.02,0.0,Web,Credit Card
O00326,2024-12-14T22:17,C0481,P015,1,96.14,0.0,Mobile,PayPal
O00327,2025-08-16T21:29,C0226,P025,1,273.33,0.1,Web,Credit Card
O00328,2024-11-10T18:54,C0150,P003,1,601.78,0.0,Mobile,Credit Card
O00329,2024-12-08T22:15,C0125,P050,1,107.55,0.0,Web,Google Pay
O00330,2024-10-20T12:18,C0470,P014,1,214.36,0.0,Mobile,Credit Card
O00331,2025-09-07T15:32,C0389,P002,1,113.21,0.0,Web,Credit Card
O00332,2025-03-08T21:05,C0467,P004,1,60.12,0.15,Mobile,PayPal
O00333,2025-06-25T19:59,C0369,P013,1,202.55,0.0,Web,Apple Pay
O00334,2025-06-02T08:39,C0295,P048,1,152.98,0.0,Mobile,Credit Card
O00335,2025-03-05T06:18,C0075,P006,2,101.34,0.0,Web,Credit Card
O00336,2024-12-21T21:41,C0452,P046,4,29.69,0.0,Web,PayPal
O00337,2025-06-01T14:32,C0404,P047,1,132.39,0.0,Mobile,PayPal
O00338,2025-05-07T18:47,C0380,P028,2,76.88,0.1,Web,Credit Card
O00339,2025-02-06T14:05,C0156,P013,1,190.47,0.05,Mobile,Google Pay
O00340,2025-07-14T07:21,C0041,P008,1,130.17,0.0,Web,PayPal
O00341,2025-09-26T05:13,C0139,P001,2,47.95,0.0,Web,Credit Card
O00342,2024-11-04T21:48,C0334,P004,2,63.41,0.1,Mobile,Credit Card
O00343,2025-02-19T07:57,C0115,P038,1,48.81,0.0,Web,Credit Card
O00344,2025-06-05T05:44,C0202,P043,1,177.3,0.0,Web,Apple Pay
O00345,2025-04-20T05:42,C0489,P046,4,29.49,0.0,Web,Credit Card
O00346,2025-08-25T04:43,C0188,P017,1,116.99,0.0,Web,Credit Card
O00347,2025-10-08T13:34,C0373,P020,1,81.12,0.0,Mobile,Credit Card
O00348,2025-01-26T11:19,C0246,P040,3,29.51,0.0,Web,PayPal
O00349,2025-03-31T20:07,C0452,P013,1,197.57,0.0,Web,PayPal
O00350,2025-06-01T18:44,C0308,P044,1,285.66,0.0,Web,Credit Card
O00351,2025-07-06T22:06,C0313,P016,4,20.05,0.0,Mobile,PayPal
O00352,2024-11-18T21:07,C0158,P036,1,77.32,0.0,Web,Google Pay
O00353,2025-07-21T15:17,C0419,P006,2,99.56,0.0,Web,Credit Card
O00354,2025-01-31T21:52,C0359,P007,1,201.89,0.0,Web,PayPal
O00355,2025-02-08T01:59,C0277,P002,1,105.72,0.05,Mobile,Apple Pay
O00356,2025-08-17T18:16,C0399,P003,1,589.71,0.05,Web,Credit Card
O00357,2025-06-14T22:05,C0275,P001,3,48.65,0.0,Web,Credit Card
O00358,2025-08-16T19:51,C0379,P034,1,133.56,0.0,Mobile,PayPal
O00359,2024-11-16T14:38,C0054,P001,2,44.34,0.1,Web,Credit Card
O00360,2025-07-27T13:31,C0470,P001,3,49.26,0.0,Mobile,Credit Card
O00361,2024-10-20T06:36,C0313,P038,1,50.39,0.0,Web,Credit Card
O00362,2025-03-30T09:07,C0088,P001,1,49.16,0.0,Web,Credit Card
O00363,2025-01-11T08:46,C0337,P002,1,94.82,0.15,Web,Apple Pay
O00364,2025-03-21T15:25,C0449,P005,1,390.71,0.0,Web,Credit Card
O00365,2025-04-27T10:20,C0309,P021,1,197.99,0.0,Web,Credit Card
O00366,2024-10-31T15:37,C0188,P020,2,72.11,0.1,Web,Credit Card
O00367,2024-12-12T12:09,C0375,P001,2,49.24,0.0,Web,Credit Card
O00368,2025-04-29T16:06,C0273,P029,3,98.21,0.0,Web,Apple Pay
O00369,2024-12-08T01:31,C0243,P050,1,109.09,0.0,Web,PayPal
O00370,2024-12-28T18:54,C0276,P001,2,47.17,0.0,Web,PayPal
O00371,2025-01-16T00:30,C0045,P036,3,75.86,0.0,Web,Credit Card
O00372,2025-05-04T13:44,C0488,P015,5,99.8,0.0,Web,Credit Card
O00373,2025-08-09T05:20,C0407,P030,1,103.92,0.0,Mobile,PayPal
O00374,2024-10-19T19:03,C0115,P035,1,338.48,0.0,Web,Credit Card
O00375,2024-11-24T14:08,C0139,P001,3,48.61,0.0,Mobile,PayPal
O00376,2024-12-18T14:31,C0484,P006,3,98.97,0.0,Web,PayPal
O00377,2025-08-29T19:47,C0405,P028,1,87.64,0.0,Web,Credit Card
O00378,2025-03-17T12:52,C0285,P015,1,97.7,0.0,Mobile,Credit Card
O00379,2025-01-26T23:55,C0308,P003,1,622.5,0.0,Mobile,PayPal
O00380,2024-11-16T14:06,C0362,P003,2,525.08,0.15,Web,Credit Card
O00381,2025-04-10T12:13,C0069,P014,1,214.02,0.0,Mobile,Apple Pay
O00382,2025-02-20T10:25,C0075,P006,2,95.68,0.05,Mobile,Credit Card
O00383,2024-11-04T01:17,C0100,P015,3,96.31,0.0,Mobile,PayPal
O00384,2025-03-20T06:13,C0155,P006,3,86.71,0.15,Mobile,Apple Pay
O00385,2025-08-21T19:10,C0135,P001,2,47.71,0.0,Web,PayPal
O00386,2025-08-21T18:30,C0279,P015,2,98.0,0.0,Mobile,Apple Pay
O00387,2025-03-31T06:09,C0373,P002,1,110.44,0.0,Web,PayPal
O00388,2024-12-21T14:52,C0160,P029,2,98.43,0.0,Web,Google Pay
O00389,2025-08-22T19:09,C0160,P001,2,47.57,0.0,Web,Google Pay
O00390,2025-02-01T03:17,C0417,P027,4,92.94,0.0,Web,PayPal
O00391,2025-09-04T13:26,C0464,P006,1,101.65,0.0,Web,Apple Pay
O00392,2025-04-16T20:22,C0131,P048,1,148.13,0.0,Mobile,PayPal
O00393,2025-05-25T11:18,C0041,P007,1,197.56,0.0,Web,Credit Card
O00394,2025-01-22T21:03,C0108,P008,1,134.5,0.0,Web,Credit Card
O00395,2024-12-25T23:12,C0201,P043,2,172.91,0.0,Web,Google Pay
O00396,2025-09-06T22:38,C0133,P019,1,480.08,0.0,Web,Credit Card
O00397,2025-04-12T11:05,C0131,P043,1,176.78,0.0,Web,PayPal
O00398,2025-06-08T15:43,C0344,P014,1,213.25,0.0,Web,Google Pay
O00399,2025-02-19T20:39,C0441,P035,1,339.93,0.0,Mobile,Credit Card
O00400,2025-08-17T04:42,C0003,P036,4,71.6,0.05,Mobile,Credit Card
O00401,2025-04-27T21:36,C0227,P008,2,126.19,0.05,Web,Google Pay
O00402,2024-11-23T22:40,C0405,P005,1,334.68,0.15,Web,Credit Card
O00403,2024-11-16T00:32,C0206,P001,1,49.05,0.0,Mobile,PayPal
O00404,2025-08-08T19:54,C0320,P002,1,109.6,0.0,Web,Credit Card
O00405,2024-11-15T18:23,C0326,P009,1,137.93,0.0,Web,Credit Card
O00406,2025-04-15T00:19,C0025,P024,1,236.77,0.0,Web,Google Pay
O00407,2025-03-06T00:10,C0160,P039,1,147.22,0.0,Web,PayPal
O00408,2025-01-22T19:21,C0213,P039,1,145.67,0.0,Mobile,PayPal
O00409,2025-05-23T09:44,C0144,P047,1,130.93,0.0,Mobile,Credit Card
O00410,2024-11-14T03:59,C0333,P006,1,101.46,0.0,Web,Google Pay
O00411,2025-06-24T13:26,C0449,P001,3,48.6,0.0,Web,Credit Card
O00412,2024-11-17T14:08,C0489,P018,1,399.89,0.0,Web,Credit Card
O00413,2025-08-04T20:12,C0045,P001,3,48.72,0.0,Mobile,Apple Pay
O00414,2025-04-02T07:13,C0275,P013,1,194.64,0.0,Web,Credit Card
O00415,2025-02-01T02:05,C0058,P015,1,82.33,0.15,Web,Google Pay
O00416,2025-09-16T09:45,C0160,P040,1,29.26,0.0,Web,PayPal
O00417,2025-01-05T18:34,C0337,P002,1,108.66,0.0,Web,Credit Card
O00418,2025-01-14T20:08,C0096,P037,1,36.35,0.0,Web,Apple Pay
O00419,2025-04-15T18:53,C0368,P001,2,40.99,0.15,Web,Apple Pay
O00420,2024-11-16T15:14,C0317,P011,1,173.15,0.0,Web,Apple Pay
O00421,2025-08-03T16:55,C0173,P027,1,92.24,0.0,Web,Apple Pay
O00422,2025-04-10T04:07,C0434,P050,1,107.62,0.0,Web,PayPal
O00423,2024-12-14T20:56,C0389,P015,3,91.07,0.05,Web,Credit Card
O00424,2025-01-21T19:15,C0497,P002,1,108.92,0.0,Mobile,Credit Card
O00425,2025-06-13T21:57,C0445,P004,3,72.04,0.0,Web,PayPal
O00426,2025-03-23T01:57,C0188,P046,2,30.52,0.0,Web,Credit Card
O00427,2025-04-11T04:46,C0389,P002,1,101.81,0.1,Web,PayPal
O00428,2024-12-31T22:03,C0128,P020,2,78.58,0.0,Web,Credit Card
O00429,2025-02-23T01:19,C0024,P034,1,131.15,0.0,Mobile,Credit Card
O00430,2024-10-28T19:39,C0202,P011,2,168.95,0.05,Mobile,Google Pay
O00431,2024-12-28T23:34,C0217,P018,1,401.8,0.0,Mobile,Google Pay
O00432,2024-11-23T00:51,C0334,P004,1,64.31,0.1,Mobile,Apple Pay
O00433,2025-08-03T18:07,C0133,P026,1,142.0,0.05,Web,Apple Pay
O00434,2024-12-12T02:05,C0128,P020,2,81.46,0.0,Web,Google Pay
O00435,2024-11-22T18:09,C0414,P025,1,301.6,0.0,Web,Credit Card
O00436,2025-04-11T08:45,C0491,P049,4,70.97,0.05,Web,Credit Card
O00437,2025-03-26T08:20,C0275,P037,2,36.75,0.0,Web,PayPal
O00438,2025-01-25T23:57,C0317,P013,2,198.29,0.0,Web,Credit Card
O00439,2024-12-12T21:02,C0319,P001,4,49.38,0.0,Mobile,PayPal
O00440,2025-10-16T18:46,C0191,P030,2,92.83,0.1,Web,Credit Card
O00441,2024-12-07T18:58,C0103,P003,1,624.4,0.0,Web,Credit Card
O00442,2025-06-27T21:23,C0045,P019,1,469.35,0.0,Mobile,Credit Card
O00443,2025-08-10T23:59,C0259,P034,1,121.21,0.1,Web,Credit Card
O00444,2025-02-14T15:09,C0276,P024,1,243.6,0.0,Mobile,Credit Card
O00445,2024-10-31T13:44,C0075,P001,2,48.09,0.0,Web,PayPal
O00446,2024-12-18T10:21,C0435,P042,2,28.59,0.0,Mobile,Credit Card
O00447,2025-03-03T13:28,C0359,P012,4,75.76,0.0,Web,Apple Pay
O00448,2025-03-26T05:00,C0289,P009,1,138.51,0.0,Web,Google Pay
O00449,2024-11-15T11:21,C0034,P014,1,216.05,0.0,Web,Apple Pay
O00450,2025-09-27T01:47,C0419,P030,1,101.38,0.0,Web,Credit Card
O00451,2024-12-28T15:14,C0422,P005,1,392.96,0.0,Mobile,Credit Card
O00452,2025-09-09T22:34,C0259,P003,1,610.09,0.0,Mobile,Credit Card
O00453,2025-03-01T04:29,C0131,P002,3,110.89,0.0,Web,Google Pay
O00454,2025-10-13T20:07,C0475,P036,3,72.45,0.05,Web,PayPal
O00455,2025-03-27T20:45,C0336,P041,3,24.92,0.0,Mobile,PayPal
O00456,2025-09-26T18:15,C0061,P009,1,140.06,0.0,Web,Credit Card
O00457,2025-08-30T22:54,C0349,P004,2,72.7,0.0,Web,PayPal
O00458,2025-05-04T18:15,C0313,P014,1,215.47,0.0,Web,Credit Card
O00459,2025-07-28T13:22,C0263,P007,1,200.58,0.0,Web,Google Pay
O00460,2025-05-24T12:25,C0338,P034,1,132.14,0.0,Web,Credit Card
O00461,2025-03-25T21:50,C0188,P019,1,483.05,0.0,Web,Credit Card
O00462,2024-11-05T14:14,C0151,P036,2,74.97,0.0,Web,PayPal
O00463,2025-09-26T18:21,C0059,P016,1,20.19,0.0,Mobile,Credit Card
O00464,2024-11-03T07:34,C0090,P002,1,112.93,0.0,Mobile,Credit Card
O00465,2024-12-12T20:00,C0028,P001,2,47.8,0.0,Web,Apple Pay
O00466,2024-12-19T10:07,C0389,P008,1,135.11,0.0,Web,PayPal
O00467,2025-06-12T20:01,C0008,P037,2,37.7,0.0,Web,PayPal
O00468,2025-01-05T11:32,C0361,P007,1,202.09,0.0,Web,Credit Card
O00469,2024-12-13T13:17,C0227,P043,1,158.28,0.1,Mobile,Apple Pay
O00470,2025-06-18T14:36,C0483,P010,1,55.71,0.0,Web,Apple Pay
O00471,2025-10-06T03:10,C0097,P046,2,30.51,0.0,Web,Apple Pay
O00472,2025-07-10T02:31,C0109,P007,1,201.99,0.0,Web,Credit Card
O00473,2025-06-06T20:50,C0231,P015,3,97.59,0.0,Web,Apple Pay
O00474,2025-06-27T22:27,C0337,P009,1,136.15,0.0,Web,Google Pay
O00475,2024-11-01T13:10,C0311,P015,2,88.87,0.1,Mobile,Credit Card
O00476,2025-01-10T21:36,C0317,P002,1,112.45,0.0,Web,Credit Card
O00477,2025-03-08T22:59,C0363,P050,1,108.28,0.0,Web,Google Pay
O00478,2024-10-19T19:12,C0337,P016,2,19.99,0.0,Web,PayPal
O00479,2024-12-14T18:59,C0087,P004,4,71.47,0.0,Mobile,Google Pay
O00480,2025-04-14T18:12,C0045,P002,1,109.06,0.0,Mobile,PayPal
O00481,2025-07-13T12:49,C0405,P023,3,490.07,0.0,Web,Credit Card
O00482,2025-09-19T18:09,C0075,P040,1,25.58,0.15,Web,Credit Card
O00483,2025-01-01T20:15,C0273,P009,1,138.6,0.0,Web,Google Pay
O00484,2025-08-16T22:40,C0395,P029,4,98.72,0.0,Mobile,PayPal
O00485,2025-02-25T12:01,C0409,P039,1,148.89,0.0,Mobile,Google Pay
O00486,2024-12-06T12:59,C0363,P001,2,43.08,0.1,Mobile,Google Pay
O00487,2025-03-23T00:17,C0025,P006,2,98.76,0.0,Mobile,Google Pay
O00488,2025-08-08T21:59,C0223,P023,1,506.19,0.0,Web,Credit Card
O00489,2025-01-29T18:45,C0071,P032,1,1226.75,0.0,Web,PayPal
O00490,2024-11-07T03:34,C0128,P038,3,49.6,0.0,Mobile,Google Pay
O00491,2024-12-01T23:46,C0464,P014,2,220.23,0.0,Web,Apple Pay
O00492,2025-03-22T19:05,C0075,P001,3,48.61,0.0,Mobile,Google Pay
O00493,2025-01-05T17:07,C0152,P019,1,466.65,0.0,Web,Apple Pay
O00494,2024-12-05T18:01,C0369,P035,1,289.55,0.15,Web,PayPal
O00495,2025-09-24T21:47,C0364,P002,1,109.75,0.0,Web,Google Pay
O00496,2024-12-03T10:44,C0203,P001,2,48.34,0.0,Mobile,PayPal
O00497,2024-12-01T22:37,C0181,P015,1,99.19,0.0,Mobile,Credit Card
O00498,2025-06-10T15:53,C0361,P006,2,98.8,0.0,Mobile,PayPal
O00499,2025-05-11T14:29,C0280,P009,1,115.37,0.15,Web,Google Pay
O00500,2024-11-29T14:21,C0316,P001,3,47.53,0.0,Web,Apple Pay
O00501,2025-03-06T18:27,C0352,P013,1,198.03,0.0,Web,Credit Card
O00502,2025-09-19T08:59,C0438,P015,1,97.19,0.0,Web,PayPal
O00503,2025-09-16T21:44,C0464,P003,1,631.22,0.0,Web,Apple Pay
O00504,2025-07-30T14:10,C0215,P026,1,143.79,0.0,Mobile,Credit Card
O00505,2025-06-22T05:35,C0404,P009,1,139.74,0.0,Mobile,Google Pay
O00506,2025-05-27T21:45,C0103,P043,1,173.03,0.0,Web,Credit Card
O00507,2025-05-30T21:38,C0182,P001,2,47.61,0.0,Mobile,Apple Pay
O00508,2025-01-29T12:52,C0002,P020,2,80.4,0.0,Web,Credit Card
O00509,2024-11-14T13:11,C0196,P004,1,63.72,0.1,Web,PayPal
O00510,2024-11-17T20:22,C0336,P001,1,48.0,0.0,Web,Credit Card
O00511,2025-09-30T13:49,C0038,P011,1,180.97,0.0,Web,Apple Pay
O00512,2025-06-16T21:23,C0049,P003,1,603.9,0.0,Web,Google Pay
O00513,2025-06-14T09:32,C0389,P031,1,493.04,0.0,Web,Credit Card
O00514,2025-09-04T19:16,C0196,P027,2,92.57,0.0,Web,Credit Card
O00515,2024-11-18T20:34,C0356,P003,2,609.87,0.0,Mobile,PayPal
O00516,2024-12-18T21:53,C0459,P036,2,74.49,0.0,Mobile,Apple Pay
O00517,2025-08-04T03:32,C0484,P001,2,47.7,0.0,Mobile,Google Pay
O00518,2025-08-14T14:07,C0381,P019,1,465.06,0.0,Web,Credit Card
O00519,2025-09-21T10:44,C0375,P006,3,100.87,0.0,Web,Credit Card
O00520,2024-10-24T13:08,C0128,P013,2,183.78,0.05,Web,Credit Card
O00521,2024-12-28T19:52,C0215,P010,2,55.47,0.0,Web,Credit Card
O00522,2025-08-08T05:54,C0361,P004,3,70.27,0.0,Mobile,Google Pay
O00523,2025-05-11T17:22,C0045,P032,1,1203.09,0.0,Web,Credit Card
O00524,2025-04-23T18:36,C0200,P050,1,112.34,0.0,Web,PayPal
O00525,2025-08-19T03:13,C0099,P002,1,113.94,0.0,Mobile,PayPal
O00526,2025-01-22T08:57,C0293,P007,1,205.94,0.0,Mobile,Credit Card
O00527,2025-04-04T13:54,C0188,P033,3,507.08,0.0,Web,PayPal
O00528,2025-02-18T13:12,C0313,P023,1,504.99,0.0,Mobile,Google Pay
O00529,2025-01-11T09:36,C0311,P027,3,92.86,0.0,Web,Google Pay
O00530,2025-03-06T19:15,C0075,P045,3,26.67,0.0,Web,Credit Card
O00531,2024-12-19T18:15,C0382,P050,1,109.11,0.0,Mobile,Credit Card
O00532,2025-03-08T22:00,C0364,P027,2,92.28,0.0,Mobile,Google Pay
O00533,2025-09-02T16:45,C0375,P024,1,241.18,0.0,Web,Credit Card
O00534,2025-08-08T20:23,C0188,P044,1,278.41,0.0,Mobile,Apple Pay
O00535,2025-04-21T20:46,C0075,P010,3,47.47,0.15,Web,Apple Pay
O00536,2025-07-06T20:21,C0131,P013,2,199.14,0.0,Mobile,Credit Card
O00537,2024-12-29T08:23,C0273,P029,1,96.38,0.0,Mobile,PayPal
O00538,2024-11-28T20:08,C0067,P005,1,368.64,0.05,Web,Credit Card
O00539,2025-01-27T15:55,C0494,P010,2,54.37,0.0,Mobile,Credit Card
O00540,2025-01-31T21:31,C0316,P040,2,29.89,0.0,Web,Credit Card
O00541,2024-12-10T05:38,C0375,P035,1,340.14,0.0,Mobile,Apple Pay
O00542,2025-08-18T20:33,C0436,P032,1,1233.12,0.0,Web,Credit Card
O00543,2025-09-30T21:34,C0414,P049,1,74.35,0.0,Mobile,PayPal
O00544,2025-05-20T09:44,C0349,P003,1,629.6,0.0,Mobile,Credit Card
O00545,2025-01-01T07:15,C0280,P020,2,79.68,0.0,Mobile,Credit Card
O00546,2024-11-19T03:12,C0045,P019,1,435.86,0.1,Web,Google Pay
O00547,2025-07-18T07:51,C0313,P033,1,498.22,0.0,Web,Credit Card
O00548,2025-05-17T09:34,C0106,P006,2,102.36,0.0,Mobile,Credit Card
O00549,2025-01-08T23:30,C0240,P003,2,550.76,0.1,Mobile,Apple Pay
O00550,2024-12-07T04:14,C0100,P013,1,182.18,0.1,Web,PayPal
O00551,2025-01-10T07:25,C0379,P039,1,151.57,0.0,Mobile,Apple Pay
O00552,2025-07-20T09:59,C0119,P046,3,30.35,0.0,Mobile,Credit Card
O00553,2025-01-03T17:48,C0190,P034,1,134.48,0.0,Web,Apple Pay
O00554,2024-12-10T19:18,C0394,P001,2,48.85,0.0,Mobile,PayPal
O00555,2025-02-27T10:04,C0103,P007,1,206.05,0.0,Web,PayPal
O00556,2025-06-05T22:31,C0107,P050,1,97.93,0.1,Web,Google Pay
O00557,2024-11-18T04:47,C0045,P050,3,110.53,0.0,Web,PayPal
O00558,2025-02-27T12:34,C0368,P005,1,373.89,0.05,Mobile,Apple Pay
O00559,2025-09-29T12:49,C0208,P041,1,24.64,0.0,Mobile,Apple Pay
O00560,2024-12-21T20:01,C0062,P024,1,242.43,0.0,Web,Google Pay
O00561,2025-01-31T17:02,C0470,P040,1,29.39,0.0,Web,Credit Card
O00562,2024-11-13T17:07,C0258,P036,5,77.19,0.0,Mobile,Credit Card
O00563,2024-12-26T14:56,C0494,P002,1,111.01,0.0,Mobile,Apple Pay
O00564,2025-09-26T21:25,C0276,P001,1,47.61,0.0,Mobile,Credit Card
O00565,2025-03-06T19:49,C0389,P043,1,154.03,0.1,Web,PayPal
O00566,2025-08-17T20:34,C0155,P001,2,49.46,0.0,Web,Google Pay
O00567,2025-07-16T01:56,C0437,P013,2,200.61,0.0,Mobile,Credit Card
O00568,2025-03-02T13:13,C0372,P020,2,79.05,0.0,Web,Google Pay
O00569,2025-06-30T12:20,C0188,P004,1,71.98,0.0,Mobile,Credit Card
O00570,2025-02-02T13:54,C0045,P009,1,139.5,0.0,Web,Apple Pay
O00571,2025-05-19T20:56,C0223,P047,1,131.57,0.0,Web,PayPal
O00572,2024-11-22T05:44,C0223,P001,2,47.78,0.0,Mobile,Apple Pay
O00573,2025-02-19T06:33,C0471,P032,1,1182.56,0.0,Web,Credit Card
O00574,2025-01-03T18:58,C0401,P023,1,493.61,0.0,Web,PayPal
O00575,2025-07-11T19:10,C0075,P001,1,48.37,0.0,Web,PayPal
O00576,2025-05-14T11:30,C0437,P006,1,100.83,0.0,Web,Credit Card
O00577,2025-08-12T18:08,C0100,P002,2,106.84,0.05,Web,PayPal
O00578,2024-12-20T09:46,C0320,P007,1,203.93,0.0,Web,Credit Card
O00579,2025-05-24T18:59,C0404,P032,2,1234.77,0.0,Web,PayPal
O00580,2025-08-14T08:25,C0141,P019,1,483.24,0.0,Web,Credit Card
O00581,2024-12-12T18:34,C0203,P032,1,1235.8,0.0,Web,Credit Card
O00582,2025-08-29T20:29,C0323,P027,2,83.23,0.1,Web,PayPal
O00583,2024-11-14T23:53,C0049,P017,1,113.96,0.0,Mobile,Credit Card
O00584,2025-08-27T15:25,C0389,P041,2,25.18,0.0,Web,Apple Pay
O00585,2025-04-01T20:36,C0407,P015,3,99.85,0.0,Web,Credit Card
O00586,2024-11-15T06:40,C0407,P003,2,607.65,0.0,Web,Google Pay
O00587,2025-02-11T13:33,C0479,P042,2,28.53,0.0,Web,PayPal
O00588,2025-01-05T22:39,C0289,P001,3,47.46,0.0,Mobile,Google Pay
O00589,2025-10-07T13:10,C0316,P009,1,135.08,0.0,Web,Credit Card
O00590,2024-11-16T18:30,C0100,P012,4,73.63,0.0,Mobile,Apple Pay
O00591,2025-06-20T21:02,C0176,P042,1,29.8,0.0,Mobile,Apple Pay
O00592,2025-07-09T08:06,C0045,P031,1,491.42,0.0,Web,Apple Pay
O00593,2025-08-16T20:57,C0108,P016,1,19.92,0.0,Web,Apple Pay
O00594,2024-12-18T15:37,C0202,P004,2,72.33,0.0,Mobile,PayPal
O00595,2024-11-02T03:53,C0381,P047,1,133.04,0.0,Mobile,Google Pay
O00596,2025-02-20T13:47,C0029,P024,1,233.01,0.0,Web,Apple Pay
O00597,2025-07-02T13:58,C0014,P019,3,469.9,0.0,Mobile,Credit Card
O00598,2025-10-05T09:28,C0378,P007,2,197.93,0.0,Web,Google Pay
O00599,2025-05-18T20:48,C0155,P036,1,77.51,0.0,Web,Apple Pay
O00600,2024-11-15T19:40,C0188,P023,2,511.4,0.0,Web,Credit Card
O00601,2025-02-26T12:10,C0470,P007,1,203.34,0.0,Web,Apple Pay
O00602,2025-04-05T13:44,C0045,P001,5,43.52,0.1,Web,Google Pay
O00603,2024-11-16T22:52,C0417,P036,2,75.28,0.0,Web,Google Pay
O00604,2024-10-27T08:44,C0487,P005,1,377.07,0.0,Web,Credit Card
O00605,2025-05-04T21:26,C0272,P050,1,109.49,0.0,Web,Google Pay
O00606,2025-02-05T09:50,C0486,P036,1,77.9,0.0,Web,Credit Card
O00607,2025-09-29T04:55,C0391,P028,4,74.63,0.15,Web,Credit Card
O00608,2025-08-10T08:22,C0349,P024,1,202.1,0.15,Web,Credit Card
O00609,2025-10-15T00:28,C0273,P001,1,40.74,0.15,Mobile,Credit Card
O00610,2024-12-20T22:01,C0347,P013,1,196.53,0.0,Web,Google Pay
O00611,2025-09-25T05:34,C0484,P020,3,76.49,0.05,Mobile,Apple Pay
O00612,2024-12-20T18:48,C0490,P038,3,44.42,0.1,Mobile,Credit Card
O00613,2025-02-14T19:08,C0404,P003,1,609.18,0.0,Web,Credit Card
O00614,2024-12-08T12:41,C0313,P007,2,167.39,0.15,Web,PayPal
O00615,2024-11-14T00:33,C0008,P006,1,99.36,0.0,Web,Credit Card
O00616,2025-05-14T15:34,C0100,P008,1,134.08,0.0,Mobile,Credit Card
O00617,2024-11-26T21:01,C0308,P046,3,29.41,0.0,Web,Credit Card
O00618,2025-05-04T12:29,C0456,P019,1,395.63,0.15,Web,Credit Card
O00619,2025-09-30T15:50,C0188,P008,3,110.52,0.15,Mobile,Google Pay
O00620,2025-04-15T19:33,C0182,P017,1,112.6,0.0,Mobile,Credit Card
O00621,2025-02-25T03:01,C0236,P007,1,204.2,0.0,Web,PayPal
O00622,2024-11-05T21:12,C0465,P006,4,100.69,0.0,Mobile,PayPal
O00623,2024-11-03T11:12,C0160,P015,5,97.72,0.0,Mobile,PayPal
O00624,2025-06-01T01:13,C0045,P047,1,134.9,0.0,Web,Google Pay
O00625,2024-12-10T19:59,C0131,P043,1,171.55,0.0,Mobile,Credit Card
O00626,2024-11-28T18:39,C0326,P041,2,25.0,0.0,Web,Google Pay
O00627,2025-06-28T10:44,C0007,P037,1,37.67,0.0,Web,Credit Card
O00628,2025-06-07T01:49,C0210,P026,1,128.64,0.1,Web,Credit Card
O00629,2025-06-30T22:45,C0458,P010,2,54.24,0.0,Web,Apple Pay
O00630,2025-09-02T22:35,C0404,P003,1,604.86,0.0,Web,Credit Card
O00631,2024-11-11T19:04,C0103,P021,1,192.2,0.0,Mobile,Apple Pay
O00632,2024-12-06T07:20,C0030,P001,2,49.24,0.0,Web,Credit Card
O00633,2025-09-25T15:14,C0078,P003,1,603.57,0.0,Web,PayPal
O00634,2025-04-12T05:20,C0038,P027,2,91.29,0.0,Mobile,Credit Card
O00635,2024-11-25T03:14,C0003,P001,1,49.14,0.0,Mobile,Credit Card
O00636,2025-04-08T00:52,C0444,P045,2,26.09,0.0,Mobile,PayPal
O00637,2025-05-04T12:40,C0211,P043,1,170.82,0.0,Mobile,Credit Card
O00638,2025-10-03T23:56,C0075,P032,1,1096.78,0.1,Web,Credit Card
O00639,2025-02-12T21:22,C0097,P010,4,56.56,0.0,Web,Credit Card
O00640,2025-05-26T04:33,C0096,P004,1,72.52,0.0,Mobile,Google Pay
O00641,2025-04-09T20:26,C0167,P007,1,200.85,0.0,Mobile,Google Pay
O00642,2025-08-28T13:12,C0100,P019,1,468.17,0.0,Web,PayPal
O00643,2025-02-05T19:17,C0488,P027,4,94.2,0.0,Web,Credit Card
O00644,2024-12-19T20:48,C0459,P006,5,101.86,0.0,Mobile,Apple Pay
O00645,2024-11-12T00:55,C0412,P007,1,199.4,0.0,Web,PayPal
O00646,2025-01-06T22:28,C0224,P029,2,99.26,0.0,Web,Credit Card
O00647,2025-04-03T18:10,C0273,P024,1,235.52,0.0,Web,Google Pay
O00648,2025-09-12T03:02,C0061,P009,1,120.54,0.15,Web,Credit Card
O00649,2025-04-18T14:01,C0476,P046,3,30.59,0.0,Web,Credit Card
O00650,2024-12-31T13:09,C0049,P046,2,30.44,0.0,Web,Google Pay
O00651,2025-03-20T18:37,C0190,P002,1,111.38,0.0,Mobile,Credit Card
O00652,2025-09-10T01:15,C0337,P006,3,97.66,0.0,Mobile,Google Pay
O00653,2024-10-21T18:19,C0175,P042,2,29.54,0.0,Web,Apple Pay
O00654,2025-08-21T20:26,C0339,P002,1,110.05,0.0,Web,Credit Card
O00655,2025-05-28T20:58,C0138,P016,3,17.91,0.1,Web,Credit Card
O00656,2024-11-12T02:46,C0008,P036,5,76.72,0.0,Mobile,Credit Card
O00657,2025-08-29T20:06,C0302,P001,3,47.3,0.0,Web,PayPal
O00658,2024-12-11T19:24,C0139,P015,2,98.19,0.0,Web,Credit Card
O00659,2025-05-30T21:03,C0206,P015,2,91.35,0.05,Mobile,Apple Pay
O00660,2024-12-15T13:53,C0288,P020,2,81.7,0.0,Mobile,PayPal
O00661,2025-05-21T22:16,C0130,P002,1,108.83,0.0,Mobile,Credit Card
O00662,2025-05-29T22:28,C0008,P032,1,1197.69,0.0,Mobile,PayPal
O00663,2024-11-07T09:53,C0139,P008,2,132.65,0.0,Web,Apple Pay
O00664,2024-12-15T06:44,C0160,P012,1,76.68,0.0,Web,Google Pay
O00665,2025-03-04T05:48,C0180,P046,1,26.36,0.1,Mobile,PayPal
O00666,2024-12-02T18:11,C0100,P001,2,48.27,0.0,Web,Apple Pay
O00667,2025-08-21T10:12,C0230,P030,1,104.72,0.0,Web,Google Pay
O00668,2024-11-08T11:30,C0295,P001,2,48.26,0.0,Mobile,PayPal
O00669,2025-01-16T11:39,C0198,P002,1,112.96,0.0,Mobile,Credit Card
O00670,2025-10-04T02:28,C0164,P005,3,382.22,0.0,Web,Apple Pay
O00671,2025-06-10T22:20,C0378,P019,2,477.24,0.0,Mobile,Credit Card
O00672,2025-09-01T13:09,C0309,P001,2,49.38,0.0,Web,Credit Card
O00673,2025-07-18T20:17,C0344,P009,2,135.03,0.0,Web,PayPal
O00674,2025-04-14T20:20,C0228,P007,2,198.21,0.0,Mobile,PayPal
O00675,2024-12-30T02:56,C0089,P036,1,77.45,0.0,Web,Credit Card
O00676,2024-11-25T00:41,C0315,P010,1,55.17,0.0,Web,Credit Card
O00677,2025-03-01T11:59,C0126,P006,3,98.14,0.0,Mobile,Credit Card
O00678,2025-08-27T17:23,C0064,P037,2,36.83,0.0,Web,PayPal
O00679,2025-07-10T18:20,C0275,P019,1,443.85,0.05,Web,Credit Card
O00680,2025-06-17T03:23,C0479,P008,1,133.02,0.0,Web,PayPal
O00681,2025-02-09T05:52,C0045,P003,2,525.77,0.15,Web,Apple Pay
O00682,2024-12-14T01:14,C0365,P047,1,133.27,0.0,Web,Credit Card
O00683,2024-10-26T19:26,C0266,P001,2,47.1,0.0,Mobile,PayPal
O00684,2025-01-28T22:10,C0185,P002,1,110.65,0.0,Mobile,Apple Pay
O00685,2024-12-21T07:57,C0115,P001,3,48.05,0.0,Web,Credit Card
O00686,2025-08-01T20:55,C0096,P033,1,495.36,0.0,Web,Credit Card
O00687,2025-03-08T18:14,C0275,P041,1,24.49,0.0,Web,Credit Card
O00688,2025-03-22T19:46,C0146,P050,1,110.37,0.0,Web,Google Pay
O00689,2025-08-23T09:39,C0048,P001,1,49.41,0.0,Mobile,Credit Card
O00690,2024-12-27T19:19,C0371,P042,2,29.82,0.0,Mobile,Credit Card
O00691,2025-09-15T20:43,C0381,P041,1,24.56,0.0,Web,PayPal
O00692,2024-11-07T19:13,C0041,P027,1,92.41,0.0,Mobile,PayPal
O00693,2024-11-02T02:49,C0417,P029,3,98.15,0.0,Mobile,Credit Card
O00694,2025-06-06T20:41,C0030,P019,2,482.65,0.0,Mobile,Apple Pay
O00695,2024-12-28T03:23,C0211,P012,1,75.11,0.0,Web,Apple Pay
O00696,2025-01-19T06:25,C0165,P050,1,112.17,0.0,Mobile,Credit Card
O00697,2025-09-30T03:16,C0421,P008,1,135.11,0.0,Web,Credit Card
O00698,2025-03-24T21:40,C0067,P008,2,133.21,0.0,Mobile,Apple Pay
O00699,2025-08-09T13:52,C0192,P002,1,104.41,0.05,Web,Google Pay
O00700,2025-06-30T19:50,C0150,P002,3,110.68,0.0,Mobile,Credit Card
O00701,2025-04-20T20:44,C0364,P002,1,113.45,0.0,Web,Credit Card
O00702,2025-07-26T15:06,C0240,P043,1,172.19,0.0,Web,PayPal
O00703,2025-09-27T07:01,C0024,P002,1,99.9,0.1,Web,Google Pay
O00704,2025-05-24T00:38,C0131,P010,1,55.26,0.0,Mobile,Credit Card
O00705,2025-03-19T01:20,C0159,P005,1,391.63,0.0,Web,PayPal
O00706,2025-09-01T22:43,C0234,P001,1,48.22,0.0,Web,Credit Card
O00707,2025-06-22T19:59,C0045,P010,1,54.83,0.0,Web,Apple Pay
O00708,2025-03-03T18:06,C0007,P002,2,111.06,0.0,Mobile,Credit Card
O00709,2025-09-17T19:03,C0109,P002,1,113.22,0.0,Web,PayPal
O00710,2025-02-22T19:53,C0045,P014,1,220.06,0.0,Web,Credit Card
O00711,2025-01-01T08:55,C0334,P038,1,50.18,0.0,Web,Credit Card
O00712,2025-06-30T22:36,C0011,P015,3,99.61,0.0,Web,PayPal
O00713,2025-02-18T01:27,C0272,P011,1,176.12,0.0,Web,Google Pay
O00714,2025-09-11T21:07,C0013,P001,1,48.39,0.0,Web,Credit Card
O00715,2025-10-04T19:37,C0188,P018,1,341.69,0.15,Web,PayPal
O00716,2024-10-21T16:17,C0280,P001,3,49.15,0.0,Mobile,Credit Card
O00717,2025-03-13T14:06,C0075,P018,2,337.19,0.15,Web,Google Pay
O00718,2024-11-08T15:04,C0275,P003,1,603.28,0.0,Web,Google Pay
O00719,2025-07-20T01:42,C0352,P009,1,141.26,0.0,Web,Google Pay
O00720,2025-03-26T13:55,C0364,P002,1,110.89,0.0,Web,Credit Card
O00721,2024-11-12T21:09,C0372,P001,2,49.45,0.0,Web,Apple Pay
O00722,2025-05-01T22:54,C0466,P016,1,20.54,0.0,Mobile,PayPal
O00723,2025-05-24T18:30,C0150,P027,2,94.82,0.0,Mobile,PayPal
O00724,2024-12-15T22:20,C0442,P018,1,404.55,0.0,Web,Credit Card
O00725,2025-02-21T19:49,C0302,P035,2,336.38,0.0,Mobile,PayPal
O00726,2024-12-09T14:33,C0075,P030,2,103.81,0.0,Mobile,Credit Card
O00727,2025-05-18T15:15,C0182,P029,4,96.14,0.0,Web,Credit Card
O00728,2025-02-01T17:25,C0003,P003,1,607.56,0.0,Web,Credit Card
O00729,2025-10-09T18:30,C0202,P007,1,206.28,0.0,Web,Credit Card
O00730,2024-11-17T16:08,C0378,P044,1,284.95,0.0,Web,Credit Card
O00731,2025-05-09T10:27,C0101,P004,3,71.42,0.0,Web,Credit Card
O00732,2025-04-23T20:10,C0389,P037,1,36.4,0.0,Mobile,Google Pay
O00733,2024-12-24T14:06,C0104,P010,1,56.46,0.0,Web,Credit Card
O00734,2025-05-28T14:55,C0293,P010,2,46.89,0.15,Web,Google Pay
O00735,2025-08-20T20:01,C0260,P006,4,100.11,0.0,Web,Credit Card
O00736,2025-05-05T21:38,C0096,P002,1,109.7,0.0,Web,Credit Card
O00737,2025-06-18T22:24,C0293,P014,1,221.65,0.0,Web,Credit Card
O00738,2025-02-03T15:46,C0208,P011,1,181.0,0.0,Web,Credit Card
O00739,2024-12-13T18:33,C0293,P036,1,70.96,0.05,Mobile,Credit Card
O00740,2024-11-10T22:28,C0068,P001,1,48.06,0.0,Web,Credit Card
O00741,2025-08-29T18:36,C0318,P035,1,339.85,0.0,Web,Apple Pay
O00742,2024-12-07T19:04,C0372,P004,3,72.14,0.0,Web,Credit Card
O00743,2025-04-04T06:50,C0004,P039,2,128.29,0.15,Web,Credit Card
O00744,2025-03-10T21:15,C0408,P038,2,48.38,0.0,Web,Credit Card
O00745,2025-05-15T20:04,C0487,P002,1,112.67,0.0,Web,Apple Pay
O00746,2025-09-04T14:41,C0464,P008,1,134.38,0.0,Web,Credit Card
O00747,2025-03-23T15:51,C0028,P001,2,42.8,0.1,Web,Credit Card
O00748,2025-05-15T05:55,C0285,P033,1,512.59,0.0,Web,Credit Card
O00749,2025-06-17T12:13,C0217,P012,2,74.5,0.0,Mobile,Credit Card
O00750,2025-04-28T12:32,C0267,P001,1,48.3,0.0,Web,Credit Card
O00751,2025-07-02T17:03,C0014,P004,2,73.02,0.0,Web,PayPal
O00752,2024-12-28T01:33,C0280,P041,3,25.05,0.0,Web,Apple Pay
O00753,2025-03-24T23:09,C0461,P009,1,136.84,0.0,Web,Google Pay
O00754,2024-11-14T13:25,C0100,P001,2,49.2,0.0,Web,PayPal
O00755,2025-10-12T07:04,C0075,P001,5,49.28,0.0,Web,PayPal
O00756,2024-11-18T19:51,C0437,P022,2,356.25,0.0,Mobile,Credit Card
O00757,2025-05-25T16:42,C0334,P029,2,99.24,0.0,Web,Credit Card
O00758,2025-03-16T12:32,C0131,P049,3,76.48,0.0,Web,Apple Pay
O00759,2024-12-13T22:29,C0441,P044,1,282.6,0.0,Web,Credit Card
O00760,2024-12-18T18:59,C0322,P034,1,135.88,0.0,Web,Credit Card
O00761,2025-01-03T15:31,C0454,P010,1,54.61,0.0,Mobile,Credit Card
O00762,2025-04-28T18:54,C0045,P001,2,41.34,0.15,Mobile,Credit Card
O00763,2024-12-03T04:53,C0161,P027,3,90.69,0.0,Mobile,Credit Card
O00764,2024-11-01T18:02,C0304,P036,1,78.11,0.0,Web,PayPal
O00765,2025-05-05T16:53,C0302,P002,1,112.79,0.0,Web,Credit Card
O00766,2024-12-14T10:25,C0405,P026,2,146.15,0.0,Web,Apple Pay
O00767,2025-02-11T20:15,C0381,P038,2,49.67,0.0,Web,Credit Card
O00768,2025-08-30T05:28,C0057,P030,1,101.0,0.0,Web,Credit Card
O00769,2025-09-19T19:42,C0267,P020,3,78.54,0.0,Web,Credit Card
O00770,2024-11-07T01:54,C0387,P009,2,140.4,0.0,Mobile,Credit Card
O00771,2025-08-05T20:45,C0195,P007,2,196.4,0.0,Mobile,Google Pay
O00772,2025-02-17T15:21,C0068,P041,1,25.35,0.0,Mobile,Credit Card
O00773,2025-07-15T18:45,C0153,P023,1,514.23,0.0,Web,Credit Card
O00774,2025-06-01T21:47,C0246,P018,1,413.24,0.0,Mobile,Credit Card
O00775,2025-06-20T17:34,C0494,P013,1,198.92,0.0,Mobile,Apple Pay
O00776,2024-12-14T09:57,C0317,P001,2,47.18,0.0,Mobile,Credit Card
O00777,2025-02-09T13:04,C0387,P006,4,100.0,0.0,Mobile,Apple Pay
O00778,2025-05-15T11:38,C0323,P015,2,99.04,0.0,Mobile,Google Pay
O00779,2025-02-06T19:11,C0263,P003,1,630.49,0.0,Web,Credit Card
O00780,2025-07-05T09:42,C0131,P006,1,99.3,0.0,Mobile,Credit Card
O00781,2025-10-16T19:40,C0043,P050,3,112.58,0.0,Web,Credit Card
O00782,2024-11-20T20:49,C0258,P014,1,216.82,0.0,Web,Credit Card
O00783,2025-08-02T17:16,C0352,P043,1,175.53,0.0,Web,Google Pay
O00784,2025-07-09T12:21,C0405,P035,1,331.68,0.0,Web,PayPal
O00785,2025-03-16T18:44,C0042,P050,1,110.01,0.0,Mobile,Credit Card
O00786,2025-05-16T07:02,C0028,P003,1,612.88,0.0,Web,Apple Pay
O00787,2024-10-19T11:29,C0045,P038,2,46.65,0.05,Web,PayPal
O00788,2025-07-11T04:51,C0024,P038,2,48.67,0.0,Mobile,Credit Card
O00789,2024-12-31T22:08,C0337,P036,4,77.14,0.0,Web,Credit Card
O00790,2024-12-28T06:05,C0412,P045,4,25.63,0.0,Web,Credit Card
O00791,2025-09-04T06:13,C0279,P001,1,48.89,0.0,Mobile,Credit Card
O00792,2025-06-17T22:55,C0337,P007,1,203.86,0.0,Web,Google Pay
O00793,2025-02-19T19:17,C0359,P002,1,113.7,0.0,Mobile,Credit Card
O00794,2025-01-14T06:58,C0275,P040,2,29.94,0.0,Web,Google Pay
O00795,2025-08-25T15:26,C0003,P018,1,397.91,0.0,Web,Credit Card
O00796,2024-12-11T19:12,C0391,P005,1,388.68,0.0,Mobile,Apple Pay
O00797,2024-12-21T18:00,C0484,P010,1,53.37,0.05,Web,Google Pay
O00798,2024-12-20T19:14,C0497,P032,2,1132.96,0.05,Web,Credit Card
O00799,2024-12-11T04:44,C0008,P001,1,48.97,0.0,Mobile,Credit Card
O00800,2025-02-15T19:43,C0128,P026,1,143.82,0.0,Mobile,Google Pay
O00801,2024-12-18T15:17,C0202,P003,1,627.03,0.0,Mobile,PayPal
O00802,2024-12-09T04:18,C0062,P004,2,72.05,0.0,Web,Credit Card
O00803,2025-05-17T14:44,C0409,P038,3,49.02,0.0,Web,Apple Pay
O00804,2025-05-17T13:35,C0250,P046,2,30.25,0.0,Mobile,Apple Pay
O00805,2024-10-25T17:56,C0048,P042,2,29.88,0.0,Mobile,PayPal
O00806,2025-09-17T22:40,C0242,P015,5,96.9,0.0,Web,Credit Card
O00807,2025-06-27T19:27,C0108,P036,2,77.99,0.0,Web,Credit Card
O00808,2025-02-02T18:56,C0103,P001,2,47.88,0.0,Web,Google Pay
O00809,2024-10-23T02:36,C0434,P004,3,73.72,0.0,Web,PayPal
O00810,2025-10-06T14:08,C0100,P004,2,60.88,0.15,Mobile,PayPal
O00811,2025-09-05T22:05,C0152,P004,3,72.88,0.0,Web,PayPal
O00812,2025-04-06T19:44,C0352,P043,1,177.25,0.0,Web,PayPal
O00813,2024-12-15T18:00,C0196,P007,1,196.59,0.0,Web,PayPal
O00814,2024-10-25T10:11,C0389,P004,3,70.38,0.0,Web,PayPal
O00815,2024-10-30T19:46,C0096,P023,2,493.85,0.0,Web,Google Pay
O00816,2025-03-12T00:23,C0027,P002,2,104.18,0.05,Web,Credit Card
O00817,2024-12-15T21:17,C0347,P029,4,97.77,0.0,Mobile,PayPal
O00818,2025-01-12T14:53,C0494,P016,5,20.45,0.0,Mobile,Credit Card
O00819,2024-12-22T07:46,C0383,P038,1,49.09,0.0,Web,PayPal
O00820,2025-07-28T04:03,C0100,P028,2,87.93,0.0,Web,PayPal
O00821,2025-04-06T08:08,C0100,P001,4,41.14,0.15,Web,PayPal
O00822,2024-12-22T12:08,C0391,P001,2,46.32,0.05,Web,Credit Card
O00823,2025-02-28T13:40,C0263,P032,1,1226.83,0.0,Web,Apple Pay
O00824,2025-07-20T20:44,C0013,P036,1,77.41,0.0,Web,Credit Card
O00825,2024-12-06T22:06,C0203,P042,2,29.94,0.0,Web,Credit Card
O00826,2025-01-22T13:07,C0382,P015,2,97.9,0.0,Web,PayPal
O00827,2025-04-06T10:33,C0444,P001,1,48.97,0.0,Web,Credit Card
O00828,2025-03-25T14:02,C0293,P001,2,47.9,0.0,Web,PayPal
O00829,2025-04-02T13:36,C0055,P010,3,54.96,0.0,Web,Credit Card
O00830,2024-12-01T18:46,C0030,P029,2,96.89,0.0,Mobile,PayPal
O00831,2025-05-06T20:01,C0372,P034,1,128.77,0.05,Mobile,Credit Card
O00832,2025-04-02T21:58,C0258,P001,2,47.51,0.0,Mobile,Credit Card
O00833,2025-09-19T16:24,C0349,P003,1,622.1,0.0,Web,Credit Card
O00834,2025-05-31T19:33,C0275,P026,1,144.22,0.0,Web,Apple Pay
O00835,2025-01-28T19:33,C0199,P002,2,108.72,0.0,Web,Google Pay
O00836,2025-05-12T05:48,C0166,P007,1,203.55,0.0,Web,PayPal
O00837,2024-12-05T07:55,C0444,P001,1,47.75,0.0,Web,PayPal
O00838,2025-08-05T15:58,C0010,P005,1,386.8,0.0,Mobile,Credit Card
O00839,2025-06-23T04:39,C0393,P001,2,47.22,0.0,Mobile,Credit Card
O00840,2025-09-14T07:48,C0390,P003,1,605.19,0.0,Mobile,Apple Pay
O00841,2025-08-01T03:45,C0293,P018,2,406.33,0.0,Web,PayPal
O00842,2025-05-11T07:13,C0061,P024,1,231.28,0.05,Mobile,PayPal
O00843,2025-07-09T12:24,C0045,P048,1,141.14,0.05,Web,Apple Pay
O00844,2025-04-24T12:26,C0049,P002,3,110.58,0.0,Web,Apple Pay
O00845,2024-12-23T10:38,C0054,P030,1,103.82,0.0,Web,Credit Card
O00846,2025-01-05T02:07,C0413,P024,1,235.31,0.0,Web,Credit Card
O00847,2024-10-27T05:26,C0089,P036,1,74.9,0.0,Web,Credit Card
O00848,2025-01-16T02:16,C0461,P028,3,86.5,0.0,Mobile,Apple Pay
O00849,2025-05-11T20:21,C0100,P046,1,30.04,0.0,Web,Apple Pay
O00850,2025-02-22T21:02,C0464,P040,2,30.11,0.0,Mobile,Credit Card
O00851,2025-06-03T02:47,C0100,P047,1,130.98,0.0,Web,PayPal
O00852,2025-02-26T04:40,C0404,P011,2,181.64,0.0,Mobile,Credit Card
O00853,2025-10-01T04:19,C0434,P001,2,47.8,0.0,Web,PayPal
O00854,2025-04-10T22:08,C0188,P003,1,590.82,0.05,Web,PayPal
O00855,2025-05-01T01:23,C0493,P020,1,82.14,0.0,Mobile,Credit Card
O00856,2024-12-21T20:25,C0365,P029,3,97.68,0.0,Web,Apple Pay
O00857,2024-12-30T17:38,C0365,P032,2,1181.38,0.0,Web,Credit Card
O00858,2025-07-21T18:40,C0467,P005,1,334.81,0.15,Web,Apple Pay
O00859,2025-08-22T22:56,C0084,P003,1,613.85,0.0,Web,Google Pay
O00860,2025-02-14T19:35,C0223,P010,2,56.53,0.0,Mobile,PayPal
O00861,2024-12-13T19:38,C0443,P024,2,239.22,0.0,Web,Apple Pay
O00862,2024-12-28T00:22,C0470,P042,1,29.42,0.0,Web,PayPal
O00863,2025-08-19T05:37,C0368,P019,1,402.01,0.15,Web,Credit Card
O00864,2024-11-09T21:00,C0273,P036,3,77.85,0.0,Web,Apple Pay
O00865,2025-07-18T13:09,C0100,P035,1,325.68,0.0,Web,Google Pay
O00866,2025-03-14T08:00,C0326,P015,5,100.1,0.0,Web,Google Pay
O00867,2025-02-05T07:05,C0326,P036,1,75.4,0.0,Web,PayPal
O00868,2025-08-23T11:29,C0188,P003,1,615.05,0.0,Web,Credit Card
O00869,2025-06-25T08:17,C0125,P042,2,28.61,0.0,Mobile,Google Pay
O00870,2025-06-23T20:26,C0328,P021,1,179.0,0.1,Mobile,Google Pay
O00871,2025-09-17T23:36,C0337,P020,3,80.5,0.0,Web,Credit Card
O00872,2024-12-07T07:14,C0045,P001,4,47.57,0.0,Mobile,Credit Card
O00873,2025-03-09T22:29,C0007,P038,3,41.1,0.15,Web,Credit Card
O00874,2025-02-20T21:42,C0138,P013,5,195.15,0.0,Web,Google Pay
O00875,2025-04-08T11:37,C0034,P047,2,119.33,0.1,Web,Apple Pay
O00876,2025-02-23T10:03,C0100,P003,1,604.77,0.0,Web,Credit Card
O00877,2025-07-25T19:10,C0445,P001,4,49.23,0.0,Web,Apple Pay
O00878,2024-11-16T07:33,C0458,P010,2,56.1,0.0,Mobile,Credit Card
O00879,2025-07-09T21:14,C0416,P018,1,394.72,0.0,Web,Apple Pay
O00880,2025-09-30T00:50,C0338,P017,1,112.15,0.0,Web,Credit Card
O00881,2025-08-24T15:57,C0188,P035,1,328.0,0.0,Mobile,Credit Card
O00882,2024-11-29T23:43,C0416,P008,2,130.11,0.0,Web,PayPal
O00883,2025-06-27T16:49,C0464,P001,2,48.18,0.0,Web,Credit Card
O00884,2025-04-25T20:17,C0100,P023,1,513.83,0.0,Web,Google Pay
O00885,2025-08-20T20:38,C0337,P005,2,390.61,0.0,Web,Google Pay
O00886,2025-05-19T11:38,C0151,P031,1,497.09,0.0,Web,PayPal
O00887,2025-03-06T20:58,C0028,P025,1,301.16,0.0,Web,Google Pay
O00888,2024-12-05T22:28,C0128,P035,1,327.49,0.0,Mobile,Google Pay
O00889,2025-03-24T19:09,C0399,P002,1,108.71,0.0,Mobile,Credit Card
O00890,2025-03-31T13:11,C0334,P035,1,336.01,0.0,Mobile,Apple Pay
O00891,2025-02-07T19:21,C0335,P019,1,472.01,0.0,Web,Credit Card
O00892,2025-09-20T13:37,C0182,P002,2,109.86,0.0,Mobile,PayPal
O00893,2025-06-30T21:50,C0182,P040,3,30.26,0.0,Mobile,Credit Card
O00894,2024-11-30T02:43,C0445,P002,2,109.48,0.0,Mobile,Credit Card
O00895,2025-10-03T06:37,C0100,P027,1,90.98,0.0,Mobile,Google Pay
O00896,2024-11-16T19:23,C0160,P047,1,136.3,0.0,Web,PayPal
O00897,2025-07-08T20:18,C0391,P005,1,334.91,0.15,Mobile,Credit Card
O00898,2025-08-12T22:38,C0228,P001,2,47.73,0.0,Web,Apple Pay
O00899,2024-12-11T11:20,C0131,P001,3,47.5,0.0,Mobile,Credit Card
O00900,2025-02-19T19:33,C0045,P036,2,64.05,0.15,Mobile,PayPal
O00901,2025-05-17T04:49,C0381,P001,2,49.36,0.0,Web,PayPal
O00902,2025-03-12T02:46,C0397,P033,1,502.86,0.0,Web,Apple Pay
O00903,2025-02-12T21:59,C0149,P036,3,69.86,0.1,Web,Credit Card
O00904,2025-07-07T16:17,C0131,P003,1,624.18,0.0,Mobile,PayPal
O00905,2025-01-17T18:23,C0382,P007,2,197.61,0.0,Mobile,Google Pay
O00906,2025-10-03T21:27,C0489,P001,1,49.19,0.0,Web,Credit Card
O00907,2025-05-16T21:52,C0051,P008,1,132.59,0.0,Web,PayPal
O00908,2025-02-21T20:43,C0045,P007,2,202.2,0.0,Mobile,Credit Card
O00909,2025-03-22T21:59,C0100,P012,2,75.46,0.0,Web,Credit Card
O00910,2025-01-28T16:47,C0338,P043,1,175.69,0.0,Mobile,Credit Card
O00911,2024-11-23T21:08,C0092,P001,2,47.1,0.0,Web,Credit Card
O00912,2024-12-22T05:45,C0269,P007,1,203.4,0.0,Mobile,Credit Card
O00913,2024-12-04T12:29,C0139,P032,1,1198.73,0.0,Mobile,Google Pay
O00914,2025-01-11T18:32,C0389,P039,1,146.12,0.0,Web,Credit Card
O00915,2025-08-28T19:07,C0315,P003,1,623.45,0.0,Web,PayPal
O00916,2025-04-22T06:53,C0452,P007,1,202.48,0.0,Mobile,Google Pay
O00917,2025-09-28T20:51,C0146,P038,1,48.3,0.0,Mobile,Credit Card
O00918,2025-01-26T22:50,C0277,P042,1,29.14,0.0,Web,PayPal
O00919,2025-06-29T21:14,C0075,P010,1,56.56,0.0,Web,Apple Pay
O00920,2024-11-19T22:38,C0391,P039,1,144.86,0.0,Web,Credit Card
O00921,2025-09-08T14:33,C0444,P029,1,95.57,0.0,Mobile,Google Pay
O00922,2025-03-29T04:01,C0389,P032,1,1208.88,0.0,Web,Google Pay
O00923,2024-12-23T17:38,C0389,P027,2,92.53,0.0,Mobile,PayPal
O00924,2025-06-21T21:42,C0252,P003,1,577.26,0.05,Web,Credit Card
O00925,2025-09-16T18:52,C0275,P035,1,339.46,0.0,Mobile,Google Pay
O00926,2025-04-18T22:05,C0010,P002,1,111.74,0.0,Web,Credit Card
O00927,2025-01-01T14:41,C0410,P015,5,95.65,0.0,Mobile,Credit Card
O00928,2025-05-02T04:25,C0034,P002,1,96.57,0.15,Mobile,Credit Card
O00929,2025-07-06T05:07,C0295,P032,1,1183.26,0.0,Mobile,Credit Card
O00930,2025-06-22T19:59,C0258,P012,3,73.78,0.0,Web,Credit Card
O00931,2024-10-22T06:41,C0417,P036,3,75.41,0.0,Web,Credit Card
O00932,2025-07-25T19:40,C0257,P043,2,170.73,0.0,Web,Credit Card
O00933,2024-10-24T21:12,C0337,P009,2,136.48,0.0,Mobile,PayPal
O00934,2024-11-22T19:31,C0390,P034,1,125.61,0.05,Web,Credit Card
O00935,2025-01-28T11:59,C0061,P038,2,48.33,0.0,Web,Credit Card
O00936,2024-11-04T04:39,C0075,P003,1,603.33,0.0,Mobile,Google Pay
O00937,2025-02-23T21:01,C0188,P002,2,109.09,0.0,Web,Google Pay
O00938,2024-11-29T21:40,C0314,P003,1,605.27,0.0,Mobile,Google Pay
O00939,2025-02-13T15:58,C0369,P013,1,196.93,0.0,Web,Apple Pay
O00940,2025-01-20T10:53,C0075,P005,1,381.66,0.0,Web,Credit Card
O00941,2025-04-12T20:51,C0378,P002,1,110.98,0.0,Web,Google Pay
O00942,2025-03-18T13:02,C0263,P015,5,95.97,0.0,Web,Apple Pay
O00943,2025-10-05T19:29,C0045,P015,2,81.91,0.15,Web,Credit Card
O00944,2025-08-28T12:33,C0468,P015,1,90.6,0.05,Web,Credit Card
O00945,2025-04-03T16:22,C0208,P028,2,87.17,0.0,Web,Google Pay
O00946,2025-07-31T20:38,C0188,P037,4,37.04,0.0,Web,Apple Pay
O00947,2024-11-10T18:33,C0100,P001,1,47.32,0.0,Mobile,PayPal
O00948,2024-10-27T02:07,C0035,P020,2,78.48,0.0,Mobile,PayPal
O00949,2025-04-07T22:04,C0389,P019,2,477.49,0.0,Web,PayPal
O00950,2025-06-14T11:11,C0030,P023,1,510.75,0.0,Mobile,Google Pay
O00951,2025-02-08T18:31,C0313,P024,1,242.22,0.0,Web,PayPal
O00952,2024-12-29T13:24,C0470,P001,2,48.45,0.0,Web,Apple Pay
O00953,2025-07-11T14:13,C0355,P049,3,76.81,0.0,Mobile,Credit Card
O00954,2024-10-23T19:58,C0120,P041,1,22.72,0.1,Web,Credit Card
O00955,2024-11-13T02:10,C0322,P026,1,148.63,0.0,Mobile,PayPal
O00956,2025-10-05T03:23,C0335,P032,1,1222.8,0.0,Web,Credit Card
O00957,2024-11-18T23:01,C0352,P015,4,99.38,0.0,Mobile,Google Pay
O00958,2025-09-06T11:08,C0075,P002,1,113.94,0.0,Mobile,Credit Card
O00959,2025-09-20T16:03,C0389,P006,1,97.97,0.0,Mobile,Apple Pay
O00960,2025-02-02T03:38,C0188,P034,1,131.2,0.0,Web,PayPal
O00961,2025-04-13T15:29,C0352,P010,5,52.78,0.05,Web,Credit Card
O00962,2025-09-10T03:37,C0195,P008,1,135.32,0.0,Mobile,PayPal
O00963,2025-01-14T12:06,C0375,P013,1,193.72,0.0,Mobile,Credit Card
O00964,2025-05-15T21:24,C0179,P005,1,348.0,0.1,Web,Credit Card
O00965,2024-11-27T12:24,C0065,P050,1,109.53,0.0,Web,Credit Card
O00966,2025-03-23T18:50,C0375,P006,2,97.7,0.0,Web,Google Pay
O00967,2025-02-09T05:48,C0258,P021,1,193.8,0.0,Web,Credit Card
O00968,2025-03-13T13:00,C0153,P049,1,73.75,0.0,Web,Apple Pay
O00969,2024-10-26T06:58,C0470,P032,1,1201.74,0.0,Mobile,Google Pay
O00970,2025-06-09T10:50,C0275,P010,2,56.06,0.0,Web,Credit Card
O00971,2025-04-05T20:40,C0030,P017,1,100.74,0.1,Web,PayPal
O00972,2025-10-14T20:53,C0146,P003,1,614.4,0.0,Mobile,PayPal
O00973,2025-09-14T19:37,C0183,P023,1,497.81,0.0,Mobile,Credit Card
O00974,2025-01-17T09:20,C0387,P001,1,47.51,0.0,Mobile,Apple Pay
O00975,2025-10-14T09:59,C0176,P027,2,79.79,0.15,Web,PayPal
O00976,2025-07-06T17:25,C0097,P007,1,171.81,0.15,Web,PayPal
O00977,2025-02-02T00:01,C0289,P025,1,302.71,0.0,Web,Credit Card
O00978,2025-02-01T12:55,C0126,P042,4,29.13,0.0,Web,Credit Card
O00979,2024-11-29T21:59,C0133,P010,1,56.4,0.0,Web,Apple Pay
O00980,2025-01-04T11:14,C0086,P015,2,99.05,0.0,Web,Credit Card
O00981,2025-02-03T04:40,C0078,P011,1,175.91,0.0,Mobile,Credit Card
O00982,2024-11-04T19:43,C0196,P039,1,149.96,0.0,Web,Google Pay
O00983,2025-03-14T19:19,C0188,P034,1,124.71,0.05,Mobile,Credit Card
O00984,2025-09-12T21:52,C0470,P016,2,16.87,0.15,Web,PayPal
O00985,2025-02-09T19:35,C0058,P040,1,29.56,0.0,Mobile,Credit Card
O00986,2025-07-30T14:45,C0188,P006,2,99.88,0.0,Web,Credit Card
O00987,2025-04-25T13:48,C0258,P013,1,202.97,0.0,Mobile,Credit Card
O00988,2024-11-22T19:44,C0364,P014,2,223.28,0.0,Web,PayPal
O00989,2025-02-23T11:23,C0131,P013,1,202.99,0.0,Web,PayPal
O00990,2025-07-12T20:31,C0334,P023,1,509.34,0.0,Mobile,Credit Card
O00991,2024-12-30T18:47,C0075,P002,1,113.47,0.0,Web,Credit Card
O00992,2025-04-07T20:04,C0295,P010,1,48.17,0.15,Mobile,Credit Card
O00993,2025-04-08T21:17,C0310,P004,3,71.58,0.0,Web,Credit Card
O00994,2025-09-10T21:22,C0489,P006,1,98.8,0.0,Web,PayPal
O00995,2025-08-07T21:44,C0042,P022,1,341.06,0.0,Mobile,Apple Pay
O00996,2025-07-30T19:15,C0315,P002,2,109.91,0.0,Web,Credit Card
O00997,2025-05-08T18:37,C0258,P034,1,132.6,0.0,Mobile,Apple Pay
O00998,2024-11-16T21:43,C0061,P008,2,131.94,0.0,Web,Credit Card
O00999,2025-09-10T21:41,C0100,P012,2,73.62,0.0,Web,PayPal
O01000,2025-04-10T01:58,C0389,P046,2,25.58,0.15,Web,Credit Card
